{
	"info": {
		"_postman_id": "ea5bca34-040c-406e-885f-49842aea97a1",
		"name": "EdgeX Application Function SDK Device Name",
		"schema": "https://schema.getpostman.com/json/collection/v2.1.0/collection.json"
	},
	"item": [
		{
			"name": "CoreData Event Trigger (Random-Float-Device)",
			"event": [
				{
					"listen": "test",
					"script": {
						"id": "6c139344-5a75-4dec-ae3c-04d94454a6c2",
						"exec": [
							"pm.test(\"Status code is 200\", function () {",
							"    pm.response.to.have.status(200);",
							"});",
							"",
							"tests[\"Response time is less than 200ms\"] = responseTime < 200;",
							"",
							"tests[\"Body contains\"] = responseBody.has(\"Random-Float-Device\");",
							"",
							""
						],
						"type": "text/javascript"
					}
				}
			],
			"request": {
				"method": "POST",
				"header": [],
				"body": {
					"mode": "raw",
					"raw": "{\n    \"id\": \"5bd794de0e36080001f53eab\",\n    \"pushed\": 0,\n    \"device\": \"Random-Float-Device\",\n    \"created\": 1540855006481,\n    \"modified\": 0,\n    \"origin\": 1540855006469,\n    \"schedule\": null,\n    \"event\": null,\n    \"readings\": [\n        {\n            \"id\": \"5bd794de0e36080001f53eac\",\n            \"pushed\": 0,\n            \"created\": 1540855006481,\n            \"origin\": 1540855006469,\n            \"modified\": 0,\n            \"device\": \"Random-Float-Device\",\n            \"name\": \"RandomValue_Float32\",\n            \"value\": \"P63Kqg==\"\n        }\n    ]\n}"
				},
				"url": {
					"raw": "127.0.0.1:9090",
					"host": [
						"127",
						"0",
						"0",
						"1"
					],
					"port": "9090"
				},
				"description": "This request will send a valid EdgeX event to Applications Function SDK via HTTP in order to trigger a configure pipeline. The default is :9090."
			},
			"response": []
		},
		{
			"name": "CoreData Event Trigger (Random-Integer-Generator01)",
			"event": [
				{
					"listen": "test",
					"script": {
						"id": "6c139344-5a75-4dec-ae3c-04d94454a6c2",
						"exec": [
							"pm.test(\"Status code is 200\", function () {",
							"    pm.response.to.have.status(200);",
							"}); ",
							"",
							"pm.test(\"Response time is less than 200ms\", function () {",
							"    pm.expect(pm.response.responseTime).to.be.below(200);",
							"});",
							"",
							"",
							"pm.test(\"No data in responseBody\", function () {",
							"    pm.expect(responseBody.length).to.be.equal(0);",
							"});"
						],
						"type": "text/javascript"
					}
				}
			],
			"request": {
				"method": "POST",
				"header": [],
				"body": {
					"mode": "raw",
					"raw": "{\n    \"id\": \"5bd794de0e36080001f53eab\",\n    \"pushed\": 0,\n    \"device\": \"Random-Integer-Generator0\",\n    \"created\": 1540855006481,\n    \"modified\": 0,\n    \"origin\": 1540855006469,\n    \"schedule\": null,\n    \"event\": null,\n    \"readings\": [\n        {\n            \"id\": \"5bd794de0e36080001f53eac\",\n            \"pushed\": 0,\n            \"created\": 1540855006481,\n            \"origin\": 1540855006469,\n            \"modified\": 0,\n            \"device\": \"Random-Integer-Generator0\",\n            \"name\": \"RandomValue_Int32\",\n            \"value\": \"-1406268274\"\n        }\n    ]\n}"
				},
				"url": {
					"raw": "127.0.0.1:9090",
					"host": [
						"127",
						"0",
						"0",
						"1"
					],
					"port": "9090"
				},
				"description": "This request will send a valid EdgeX event to Applications Function SDK via HTTP in order to trigger a configure pipeline. The default is :9090."
			},
			"response": []
		},
		{
			"name": "CoreData Event Trigger (empty string)",
			"event": [
				{
					"listen": "test",
					"script": {
						"id": "6c139344-5a75-4dec-ae3c-04d94454a6c2",
						"exec": [
							"pm.test(\"Status code is 200\", function () {",
							"    pm.response.to.have.status(200);",
							"}); ",
							"",
							"pm.test(\"Response time is less than 200ms\", function () {",
							"    pm.expect(pm.response.responseTime).to.be.below(200);",
							"});",
							"",
							"",
							"pm.test(\"No data in responseBody\", function () {",
							"    pm.expect(responseBody.length).to.be.equal(0);",
							"});"
						],
						"type": "text/javascript"
					}
				}
			],
			"request": {
				"method": "POST",
				"header": [],
				"body": {
					"mode": "raw",
					"raw": "{\n    \"id\": \"5bd794de0e36080001f53eab\",\n    \"pushed\": 0,\n    \"device\": \"\",\n    \"created\": 1540855006481,\n    \"modified\": 0,\n    \"origin\": 1540855006469,\n    \"schedule\": null,\n    \"event\": null,\n    \"readings\": [\n        {\n            \"id\": \"5bd794de0e36080001f53eac\",\n            \"pushed\": 0,\n            \"created\": 1540855006481,\n            \"origin\": 1540855006469,\n            \"modified\": 0,\n            \"device\": \"Random-Float-Device\",\n            \"name\": \"RandomValue_Float64\",\n            \"value\": \"QAFk2HxRUOo=\\\"\n        }\n    ]\n}"
				},
				"url": {
					"raw": "127.0.0.1:9090",
					"host": [
						"127",
						"0",
						"0",
						"1"
					],
					"port": "9090"
				},
				"description": "This request will send a valid EdgeX event to Applications Function SDK via HTTP in order to trigger a configure pipeline. The default is :9090."
			},
			"response": []
		}
	]
}