{
	"info": {
		"_postman_id": "f6c30e8c-639b-49a5-853f-fdf4145a6274",
		"name": "EdgeX Applications Function SDK",
		"schema": "https://schema.getpostman.com/json/collection/v2.1.0/collection.json"
	},
	"item": [
		{
			"name": "CoreData Event Trigger (Random-Float-Device)",
			"request": {
				"auth": {
					"type": "noauth"
				},
				"method": "POST",
				"header": [],
				"body": {
					"mode": "raw",
					"raw": "{\n    \"id\": \"5bd794de0e36080001f53eab\",\n    \"pushed\": 0,\n    \"device\": \"Random-Float-Device\",\n    \"created\": 1540855006481,\n    \"modified\": 0,\n    \"origin\": 1540855006469,\n    \"schedule\": null,\n    \"event\": null,\n    \"readings\": [\n        {\n            \"id\": \"5bd794de0e36080001f53eac\",\n            \"pushed\": 0,\n            \"created\": 1540855006481,\n            \"origin\": 1540855006469,\n            \"modified\": 0,\n            \"device\": \"Random-Float-Device\",\n            \"name\": \"RandomValue_Float64\",\n            \"value\": \"QAFk2HxRUOo=\"\n        }\n    ]\n}"
				},
				"url": {
					"raw": "127.0.0.1:9090",
					"host": [
						"127",
						"0",
						"0",
						"1"
					],
					"port": "9090"
				},
				"description": "This request will send a valid EdgeX event to Applications Function SDK via HTTP in order to trigger a configure pipeline. The default is :9090."
			},
			"response": []
		}
	]
}